name,url,links,phone,categories,address,location,rating,rating_count,email,facebook
Old Plantation Barbecue,https://www.yellowpages.com/chattanooga-tn/mip/old-plantation-barbecue-2491413,"{'Website': 'http://www.oldplantation.dinehere.us', 'View Menu': '/chattanooga-tn/mip/old-plantation-barbecue-2491413#open-menu'}",(423) 624-8105,"['Barbecue Restaurants', 'Take Out Restaurants', 'Caterers']",1515 Dodson Ave,"Chattanooga, TN 37406",five,1,yp-logo@2x.png,
Hillbilly Willy's Bar-B-Que,https://www.yellowpages.com/chattanooga-tn/mip/hillbilly-willys-bar-b-que-4713992,{'Website': 'http://www.hillbillywillys.com'},(423) 821-2272,"['Barbecue Restaurants', 'Family Style Restaurants', 'Caterers']",115browns Browns Ferry Rd,"Chattanooga, TN 37419",four,4,hillbillywillysbarbq@comcast.net,
Shuford's Smokehouse,https://www.yellowpages.com/chattanooga-tn/mip/shufords-smokehouse-13116956,"{'Website': 'http://www.shufordsbbq.com', 'View Menu': '/chattanooga-tn/mip/shufords-smokehouse-13116956#open-menu'}",(423) 267-0080,"['Barbecue Restaurants', 'Caterers', 'Restaurants']",924 Signal Mountain Rd,"Chattanooga, TN 37405",three,3,jeff@shufordsbbq.com,
Nooga Q Smokehouse Grill,https://www.yellowpages.com/chattanooga-tn/mip/nooga-q-smokehouse-grill-5404178,"{'Website': 'http://www.nooga-q.com', 'View Menu': '/chattanooga-tn/mip/nooga-q-smokehouse-grill-5404178#open-menu'}",(423) 752-1935,"['Barbecue Restaurants', 'American Restaurants', 'Caterers']",301 Signal Mountain Rd,"Chattanooga, TN 37405",,,yp-logo@2x.png,
Rib & Loin,https://www.yellowpages.com/chattanooga-tn/mip/rib-loin-4300650,"{'Website': 'http://www.ribandloin.com', 'View Menu': '/chattanooga-tn/mip/rib-loin-4300650#open-menu'}",(423) 499-6465,"['Barbecue Restaurants', 'Restaurant Menus', 'Caterers']",5946 Brainerd Rd,"Chattanooga, TN 37421",four,3,Catering@RibandLoin.com,
Sticky Fingers Smokehouse Chattanooga,https://www.yellowpages.com/chattanooga-tn/mip/sticky-fingers-smokehouse-chattanooga-458117512,"{'Website': 'http://www.stickyfingers.com', 'View Menu': '/chattanooga-tn/mip/sticky-fingers-smokehouse-chattanooga-458117512#open-menu'}",(423) 265-7427,"['Barbecue Restaurants', 'Steak Houses', 'Caterers']",420 Broad St,"Chattanooga, TN 37402",,,chattanoogacatering@stickyfingers.com,
Little Billy's BBQ,https://www.yellowpages.com/chattanooga-tn/mip/little-billys-bbq-478362154,{},(423) 321-8407,"['Barbecue Restaurants', 'Restaurants']",3147 Broad St,"Chattanooga, TN 37408",,,yp-logo@2x.png,
Sportsmans BBQ,https://www.yellowpages.com/chattanooga-tn/mip/sportsmans-bbq-524225868,{},(423) 265-1680,"['Barbecue Restaurants', 'Restaurants']",3874 Hixson Pike,"Chattanooga, TN 37415",five,4,yp-logo@2x.png,
Big Jeff's Barbeque,https://www.yellowpages.com/chattanooga-tn/mip/big-jeffs-barbeque-512561397,{},(423) 771-7814,"['Barbecue Restaurants', 'Restaurants']",4272 Bonny Oaks Dr,"Chattanooga, TN 37406",five,1,jblbjb44@yahoo.com,
Broad Street Grille,https://www.yellowpages.com/chattanooga-tn/mip/broad-street-grille-9191966,"{'Website': 'http://www.chattanooganhotel.com', 'View Menu': '/chattanooga-tn/mip/broad-street-grille-9191966#open-menu'}",(423) 424-3700,"['Barbecue Restaurants', 'Bar & Grills', 'Restaurants']",1201 Broad St,"Chattanooga, TN 37402",one,3,cheryl@blissfulwed.com,
Hickory Pit Bar-B-Que,https://www.yellowpages.com/chattanooga-tn/mip/hickory-pit-bar-b-que-8454787,"{'Website': 'http://www.hickorypitbarbque.com', 'View Menu': '/chattanooga-tn/mip/hickory-pit-bar-b-que-8454787#open-menu'}",(423) 894-1217,"['Barbecue Restaurants', 'American Restaurants', 'Sandwich Shops']",5611 Ringgold Rd,"Chattanooga, TN 37412",two,1,mike@hickorypitbarbque.com,
Edley's Bar-B-Que,https://www.yellowpages.com/chattanooga-tn/mip/edleys-bar-b-que-541797710,"{'Website': 'http://www.edleysbbq.com', 'View Menu': '/chattanooga-tn/mip/edleys-bar-b-que-541797710#open-menu'}",(423) 498-2772,"['Barbecue Restaurants', 'Cocktail Lounges', 'Caterers']",205 Manufacturers Rd,"Chattanooga, TN 37405",,,yp-logo@2x.png,
Boo-Coes Sports Bar & Grill Chattanooga,https://www.yellowpages.com/chattanooga-tn/mip/boo-coes-sports-bar-grill-chattanooga-466511282,{'Website': 'http://bcsportsbar.com'},(423) 541-2494,"['Barbecue Restaurants', 'American Restaurants', 'Seafood Restaurants']",2510 E Main St,"Chattanooga, TN 37404",,,yp-logo@2x.png,
Buddy's bar-b-q - Hixson,https://www.yellowpages.com/chattanooga-tn/mip/buddys-bar-b-q-hixson-562113909,"{'Website': 'http://www.buddysbbqhixson.com', 'View Menu': '/chattanooga-tn/mip/buddys-bar-b-q-hixson-562113909#open-menu'}",(423) 206-4999,"['Barbecue Restaurants', 'Take Out Restaurants', 'Restaurants']",568 Northgate Mall Dr Ste 101,"Chattanooga, TN 37415",,,yp-logo@2x.png,
Chatter Box Cafe,https://www.yellowpages.com/chattanooga-tn/mip/chatter-box-cafe-564770000,{'Website': 'https://www.chatterbox423.com/about-us'},(423) 322-4609,"['Barbecue Restaurants', 'Restaurants']",6801 Shallowford Rd,"Chattanooga, TN 37421",,,yp-logo@2x.png,
Texas Roadhouse,https://www.yellowpages.com/chattanooga-tn/mip/texas-roadhouse-575881815,"{'Website': 'https://www.texasroadhouse.com/locations/tennessee/chattanooga?utm_source=listing&utm_medium=search', 'View Menu': '/chattanooga-tn/mip/texas-roadhouse-575881815#open-menu'}",(423) 899-8293,"['Barbecue Restaurants', 'American Restaurants', 'Steak Houses']",2020 Hamilton Place Blvd,"Chattanooga, TN 37421",,,store_chattanooga@texasroadhouse.com,
Jim N Nick's,https://www.yellowpages.com/chattanooga-tn/mip/jim-n-nicks-546447685,{'Website': 'https://jimnnicks.com'},(423) 498-6969,"['Barbecue Restaurants', 'Restaurants', 'Caterers']",2040 Hamilton Place Blvd Ste 150,"Chattanooga, TN 37421",,,yp-logo@2x.png,
Sportsmans BBQ,https://www.yellowpages.com/chattanooga-tn/mip/sportsmans-bbq-560236546,{},(423) 265-1680,"['Barbecue Restaurants', 'Restaurants']",300 W Martin Luther King Blvd,"Chattanooga, TN 37402",,,yp-logo@2x.png,
Buck's Pit Barbeque,https://www.yellowpages.com/chattanooga-tn/mip/bucks-pit-barbeque-560426900,{},(423) 267-1390,"['Barbecue Restaurants', 'Restaurants']",537 Market St Ste 301,"Chattanooga, TN 37402",,,yp-logo@2x.png,
Good Eats Bar-B-Que,https://www.yellowpages.com/chattanooga-tn/mip/good-eats-bar-b-que-567702203,{},(423) 497-8669,['Barbecue Restaurants'],1817 Market St,"Chattanooga, TN 37408",,,yp-logo@2x.png,
Sweeney's Pit Bar-B-Que & Catering,https://www.yellowpages.com/chattanooga-tn/mip/sweeneys-pit-bar-b-que-catering-3233429,{},(423) 267-2009,"['Barbecue Restaurants', 'Caterers', 'Restaurants']",3147 Broad St,"Chattanooga, TN 37408",,,yp-logo@2x.png,
Charlies BBQ and Bakery,https://www.yellowpages.com/chattanooga-tn/mip/charlies-bbq-and-bakery-546591560,"{'Website': 'http://www.facebook.com/CHARLIESCHATTANOOGA', 'View Menu': '/chattanooga-tn/mip/charlies-bbq-and-bakery-546591560#open-menu'}",(423) 541-1500,"['Barbecue Restaurants', 'Restaurants']",2309 E Main St,"Chattanooga, TN 37404",,,yp-logo@2x.png,http://www.facebook.com/CHARLIESCHATTANOOGA
Barque BBQ,https://www.yellowpages.com/chattanooga-tn/mip/barque-bbq-566739745,{'Website': 'http://barque.is'},(423) 206-9750,"['Barbecue Restaurants', 'Restaurants']",2309 E Main St,"Chattanooga, TN 37404",,,yp-logo@2x.png,
Fairbanks Mountain Ribs,https://www.yellowpages.com/chattanooga-tn/mip/fairbanks-mountain-ribs-495580900,{},(423) 485-3370,"['Barbecue Restaurants', 'Restaurants']",3701 Alton Park Blvd,"Chattanooga, TN 37410",,,yp-logo@2x.png,
Sunset BBQ,https://www.yellowpages.com/chattanooga-tn/mip/sunset-bbq-13621679,{'Website': 'http://www.sunsetbbq-chatt.com'},(423) 629-9240,"['Barbecue Restaurants', 'Take Out Restaurants', 'Restaurants']",964 Dodson Ave,"Chattanooga, TN 37406",,,qmaster1@aol.com,
Mango's Island Bar and Grill,https://www.yellowpages.com/chattanooga-tn/mip/mangos-island-bar-and-grill-544252794,{},(423) 498-5040,"['Barbecue Restaurants', 'Bars', 'Bar & Grills']",1622 Dodds Ave,"Chattanooga, TN 37404",,,yp-logo@2x.png,
Choo Choo BBQ,https://www.yellowpages.com/chattanooga-tn/mip/choo-choo-bbq-535058631,{},(423) 622-1802,"['Barbecue Restaurants', 'Restaurants']",826 Appling St,"Chattanooga, TN 37406",,,yp-logo@2x.png,
Fifty Yard Line Sports Bar And Grill,https://www.yellowpages.com/chattanooga-tn/mip/fifty-yard-line-sports-bar-and-grill-530897743,{},(423) 682-7500,"['Barbecue Restaurants', 'Bar & Grills', 'Restaurants']",4010 Rossville Blvd,"Chattanooga, TN 37407",,,yp-logo@2x.png,
Legendary Master Blaster BBQ,https://www.yellowpages.com/chattanooga-tn/mip/legendary-master-blaster-bbq-483263855,{},(423) 355-5439,"['Barbecue Restaurants', 'Restaurants']",3220 Wilcox Blvd,"Chattanooga, TN 37411",,,yp-logo@2x.png,
My BBQ Place,https://www.yellowpages.com/chattanooga-tn/mip/my-bbq-place-538565272,{},(423) 710-1557,"['Barbecue Restaurants', 'Restaurants']",613 Tunnel Blvd,"Chattanooga, TN 37411",,,yp-logo@2x.png,
Buddy's bar-b-q - Hixson,https://www.yellowpages.com/chattanooga-tn/mip/buddys-bar-b-q-hixson-562795853,{'Website': 'http://www.buddysbbqhixson.com'},(423) 206-4999,"['Barbecue Restaurants', 'Restaurants']",568 Northgate Mall Dr Ste 101,"Chattanooga, TN 37415",,,yp-logo@2x.png,
Shane's Rib Shack,https://www.yellowpages.com/chattanooga-tn/mip/shanes-rib-shack-1604027,{},(423) 877-0771,"['Barbecue Restaurants', 'Restaurants', 'Take Out Restaurants']",250 Northgate Mall Dr,"Chattanooga, TN 37415",,,yp-logo@2x.png,
Forker's BBQ,https://www.yellowpages.com/chattanooga-tn/mip/forkers-bbq-552711785,{'View Menu': '/chattanooga-tn/mip/forkers-bbq-552711785#open-menu'},(423) 386-5615,"['Barbecue Restaurants', 'Restaurants']",4767 Highway 58,"Chattanooga, TN 37416",,,yp-logo@2x.png,
Grill Smoke BBQ,https://www.yellowpages.com/chattanooga-tn/mip/grill-smoke-bbq-545918443,{},(423) 269-7988,"['Barbecue Restaurants', 'Restaurants']",4850 Highway 58,"Chattanooga, TN 37416",,,yp-logo@2x.png,
Mission BBQ,https://www.yellowpages.com/chattanooga-tn/mip/mission-bbq-543838350,{'Website': 'https://www.mission-bbq.com'},(423) 933-3098,"['Barbecue Restaurants', 'Caterers', 'Restaurants']",1926 Gunbarrel Rd,"Chattanooga, TN 37421",,,yp-logo@2x.png,
Porker's Bar-B-Que,https://www.yellowpages.com/chattanooga-tn/mip/porkers-bar-b-que-9578009,{'Website': 'http://www.hugedomains.com/domain_profile.cfm?d=porkersbbq&e=com'},(423) 267-2726,"['Barbecue Restaurants', 'Take Out Restaurants', 'Caterers']",1251 Market St,"Chattanooga, TN 37402",five,2,porkersbbq@gmail.com,
Choo Choo Barbque,https://www.yellowpages.com/chattanooga-tn/mip/choo-choo-barbque-456855776,{},(423) 894-7520,"['Barbecue Restaurants', 'Restaurants']",5936 Quintus Loop,"Chattanooga, TN 37421",,,yp-logo@2x.png,
Chubby's Bar-B-Q,https://www.yellowpages.com/chattanooga-tn/mip/chubbys-bar-b-q-1317000,"{'Website': 'http://www.rossvillerestaurant.com', 'View Menu': '/chattanooga-tn/mip/chubbys-bar-b-q-1317000#open-menu'}",(423) 867-4422,"['Barbecue Restaurants', 'Take Out Restaurants', 'Hamburgers & Hot Dogs']",3801 Rossville Blvd,"Chattanooga, TN 37407",,,yp-logo@2x.png,
Mrs T's Blues Spot,https://www.yellowpages.com/chattanooga-tn/mip/mrs-ts-blues-spot-462473727,{},(423) 521-4550,"['Barbecue Restaurants', 'Restaurants']",901 Dodson Ave,"Chattanooga, TN 37406",,,yp-logo@2x.png,
Tasty's BBQ,https://www.yellowpages.com/chattanooga-tn/mip/tastys-bbq-458146921,{},(423) 710-3733,"['Barbecue Restaurants', 'Restaurants']",3220 Wilcox Blvd,"Chattanooga, TN 37411",,,yogi@ribandloin.com,
Fats So's Barbeque,https://www.yellowpages.com/chattanooga-tn/mip/fats-sos-barbeque-475354398,{},(423) 867-4808,"['Barbecue Restaurants', 'Restaurants']",4801 English Ave,"Chattanooga, TN 37407",,,yp-logo@2x.png,
Choo Choo Barbeque,https://www.yellowpages.com/chattanooga-tn/mip/choo-choo-barbeque-2420019,"{'Website': 'http://choochoobbq.com', 'View Menu': '/chattanooga-tn/mip/choo-choo-barbeque-2420019#open-menu'}",(423) 553-8888,"['Barbecue Restaurants', 'Caterers', 'Restaurants']",7910 E Brainerd Rd,"Chattanooga, TN 37421",five,1,jason@gaoutdoorservices.com,
King Smokehouse BBQ On Main,https://www.yellowpages.com/chattanooga-tn/mip/king-smokehouse-bbq-on-main-459284954,{},(423) 475-5937,"['Barbecue Restaurants', 'Restaurants']",1800 E Main St,"Chattanooga, TN 37404",,,allensolomonking@gmail.com,
Madie's Bar-B-Que,https://www.yellowpages.com/chattanooga-tn/mip/madies-bar-b-que-26033401,{},(423) 629-9240,"['Barbecue Restaurants', 'Bars', 'Bar & Grills']",964 Dodson Ave,"Chattanooga, TN 37406",,,yp-logo@2x.png,
Choo Choo BBQ,https://www.yellowpages.com/chattanooga-tn/mip/choo-choo-bbq-10170078,"{'Website': 'http://www.choochoobbqamnicola.com', 'View Menu': '/chattanooga-tn/mip/choo-choo-bbq-10170078#open-menu'}",(423) 622-1802,"['Barbecue Restaurants', 'Caterers', 'Restaurants']",900 Appling St,"Chattanooga, TN 37406",,,yp-logo@2x.png,
Smokey Bones Bar & Fire Grill,https://www.yellowpages.com/chattanooga-tn/mip/smokey-bones-bar-fire-grill-4474470,"{'Website': 'http://www.smokeybones.com', 'View Menu': '/chattanooga-tn/mip/smokey-bones-bar-fire-grill-4474470#open-menu'}",(423) 893-7850,"['Barbecue Restaurants', 'Take Out Restaurants', 'Restaurants']",2225 Gunbarrel Rd,"Chattanooga, TN 37421",two half,5,sanderson@smokeybones.com,
Sugar's Ribs,https://www.yellowpages.com/chattanooga-tn/mip/sugars-ribs-832912,{'Website': 'http://www.sugarsribs.com'},(423) 826-1199,"['Barbecue Restaurants', 'American Restaurants', 'Take Out Restaurants']",2450 15th Ave,"Chattanooga, TN 37404",three,2,events@sugarsribs.com,
Choo Choo Barbecue,https://www.yellowpages.com/chattanooga-tn/mip/choo-choo-barbecue-4461231,"{'Website': 'http://choochoobbqeastridge.com', 'View Menu': '/chattanooga-tn/mip/choo-choo-barbecue-4461231#open-menu'}",(423) 629-1313,"['Barbecue Restaurants', 'American Restaurants', 'Restaurants']",3951 Ringgold Rd,"Chattanooga, TN 37412",,,ChooChooBBQer@yahoo.com,
Urban Stack,https://www.yellowpages.com/chattanooga-tn/mip/urban-stack-461872744,{'Website': 'http://www.urbanstack.com'},(423) 475-5350,"['Barbecue Restaurants', 'American Restaurants', 'Bars']",12 W 13th St,"Chattanooga, TN 37402",five,4,tenley@urbanstack.com,
Hillbilly Willys Bar BQ and Catering Co.,https://www.yellowpages.com/chattanooga-tn/mip/hillbilly-willys-bar-bq-and-catering-co-481101509,{},(423) 821-2272,"['Barbecue Restaurants', 'Caterers', 'Bartending Service']",115 Browns Ferry Rd,"Chattanooga, TN 37419",five,2,jerryoharwood@gmail.com,
Armando's of East Brainerd,https://www.yellowpages.com/chattanooga-tn/mip/armandos-of-east-brainerd-6731779,{'Website': 'https://www.ebburger.com'},(423) 899-3705,"['Barbecue Restaurants', 'American Restaurants', 'Sandwich Shops']",8018 E Brainerd Rd,"Chattanooga, TN 37421",five,2,ebcc@eastbrainerdchurch.org,
Doc Holidays,https://www.yellowpages.com/chattanooga-tn/mip/doc-holidays-527724286,{},(423) 305-1494,"['Barbecue Restaurants', 'American Restaurants', 'Bars']",742 Ashland Ter,"Chattanooga, TN 37415",five,1,yp-logo@2x.png,
Dub's Place,https://www.yellowpages.com/chattanooga-tn/mip/dubs-place-6791122,{},(423) 875-3151,"['Barbecue Restaurants', 'American Restaurants', 'Caterers']",4408 Dayton Blvd,"Chattanooga, TN 37415",five,1,DubsPlace1952@comcast.net,
Outback Steakhouse,https://www.yellowpages.com/chattanooga-tn/mip/outback-steakhouse-470313898,{'Website': 'http://www.outback.com/locations/tn/chattanooga-hamilton-plc'},(423) 899-2600,"['Barbecue Restaurants', 'Steak Houses', 'American Restaurants']",2120 Hamilton Place Blvd,"Chattanooga, TN 37421",three,2,obs4311@outback.com,
Rumors,https://www.yellowpages.com/chattanooga-tn/mip/rumors-4397443,{},(423) 870-3003,"['Barbecue Restaurants', 'Bars', 'Bar & Grills']",3884 Hixson Pike,"Chattanooga, TN 37415",three,2,yp-logo@2x.png,
Logan's Roadhouse,https://www.yellowpages.com/chattanooga-tn/mip/logans-roadhouse-14108388,{'Website': 'http://www.logansroadhouse.com'},(423) 499-4339,"['Barbecue Restaurants', 'American Restaurants', 'Restaurants']",2119 Gunbarrel Rd,"Chattanooga, TN 37421",three,1,investorrelations@logansroadhouse.com,
Puckett's Chattanooga,https://www.yellowpages.com/chattanooga-tn/mip/pucketts-chattanooga-516480487,{'Website': 'http://www.puckettsgrocery.com'},(423) 708-8505,"['Barbecue Restaurants', 'American Restaurants', 'Family Style Restaurants']",2 W Aquarium Way,"Chattanooga, TN 37402",,,yp-logo@2x.png,
Little Coyote,https://www.yellowpages.com/chattanooga-tn/mip/little-coyote-575040420,{'Website': 'https://littlecoyote.com'},(423) 800-7483,"['Barbecue Restaurants', 'Mexican Restaurants', 'Restaurants']",3950 Tennessee Ave,"Chattanooga, TN 37409",,,yp-logo@2x.png,
Chicken-W-Bones,https://www.yellowpages.com/chattanooga-tn/mip/chicken-w-bones-524845616,"{'Website': 'http://chicken-w-bones.com', 'View Menu': '/chattanooga-tn/mip/chicken-w-bones-524845616#open-menu'}",(423) 305-0742,"['Barbecue Restaurants', 'Chicken Restaurants', 'American Restaurants']",6227 Lee Hwy,"Chattanooga, TN 37421",,,cluck@chicken-w-bones.com,
Big River Hamilton Place,https://www.yellowpages.com/chattanooga-tn/mip/big-river-hamilton-place-471098482,"{'Website': 'https://www.bigrivergrille.com', 'View Menu': '/chattanooga-tn/mip/big-river-hamilton-place-471098482#open-menu'}",(423) 553-7723,"['Barbecue Restaurants', 'American Restaurants', 'Brew Pubs']",2020 Hamilton Place Blvd,"Chattanooga, TN 37421",,,info@gbrestaurants.com,
Logan's Roadhouse,https://www.yellowpages.com/chattanooga-tn/mip/logans-roadhouse-14108388,{'Website': 'http://www.logansroadhouse.com'},(423) 499-4339,"['Barbecue Restaurants', 'American Restaurants', 'Restaurants']",2119 Gunbarrel Rd,"Chattanooga, TN 37421",three,1,investorrelations@logansroadhouse.com,
Puckett's Chattanooga,https://www.yellowpages.com/chattanooga-tn/mip/pucketts-chattanooga-516480487,{'Website': 'http://www.puckettsgrocery.com'},(423) 708-8505,"['Barbecue Restaurants', 'American Restaurants', 'Family Style Restaurants']",2 W Aquarium Way,"Chattanooga, TN 37402",,,yp-logo@2x.png,
Little Coyote,https://www.yellowpages.com/chattanooga-tn/mip/little-coyote-575040420,{'Website': 'https://littlecoyote.com'},(423) 800-7483,"['Barbecue Restaurants', 'Mexican Restaurants', 'Restaurants']",3950 Tennessee Ave,"Chattanooga, TN 37409",,,yp-logo@2x.png,
Outback Steakhouse,https://www.yellowpages.com/chattanooga-tn/mip/outback-steakhouse-573634080,{'Website': 'https://locations.outback.com/tennessee/chattanooga/544-northgate-mall-drive'},(423) 870-0980,"['Barbecue Restaurants', 'Steak Houses', 'Take Out Restaurants']",544 Northgate Mall Dr,"Chattanooga, TN 37415",,,yp-logo@2x.png,
Chicken-W-Bones,https://www.yellowpages.com/chattanooga-tn/mip/chicken-w-bones-524845616,"{'Website': 'http://chicken-w-bones.com', 'View Menu': '/chattanooga-tn/mip/chicken-w-bones-524845616#open-menu'}",(423) 305-0742,"['Barbecue Restaurants', 'Chicken Restaurants', 'American Restaurants']",6227 Lee Hwy,"Chattanooga, TN 37421",,,cluck@chicken-w-bones.com,
Big River Hamilton Place,https://www.yellowpages.com/chattanooga-tn/mip/big-river-hamilton-place-471098482,"{'Website': 'https://www.bigrivergrille.com', 'View Menu': '/chattanooga-tn/mip/big-river-hamilton-place-471098482#open-menu'}",(423) 553-7723,"['Barbecue Restaurants', 'American Restaurants', 'Brew Pubs']",2020 Hamilton Place Blvd,"Chattanooga, TN 37421",,,info@gbrestaurants.com,
The Honest Pint,https://www.yellowpages.com/chattanooga-tn/mip/the-honest-pint-460749517,{'Website': 'http://thehonestpint.com'},(423) 468-4192,"['Barbecue Restaurants', 'American Restaurants', 'Bars']",35 Patten Pkwy,"Chattanooga, TN 37402",,,mail@thehonestpint.com,
Palace Food,https://www.yellowpages.com/chattanooga-tn/mip/palace-food-479833835,{'Website': 'http://www.manta.com/c/mbytxgm/palace-food-inc'},(423) 266-3366,"['Barbecue Restaurants', 'Family Style Restaurants', 'Bars']",1110 Market St Ste 101,"Chattanooga, TN 37402",,,lura@publichousechattanooga.com,
Tony's Wildin Wings N More,https://www.yellowpages.com/chattanooga-tn/mip/tonys-wildin-wings-n-more-508565560,{'View Menu': '/chattanooga-tn/mip/tonys-wildin-wings-n-more-508565560#open-menu'},(423) 485-3290,"['Barbecue Restaurants', 'American Restaurants', 'Restaurants']",787 W Main St,"Chattanooga, TN 37402",,,yp-logo@2x.png,
Moe's Original BBQ,https://www.yellowpages.com/chattanooga-tn/mip/moes-original-bbq-530487921,{'Website': 'http://moesoriginalbbq.com'},(423) 531-6637,"['Barbecue Restaurants', 'Barbecue Grills & Supplies', 'Restaurants']",221 Market St,"Chattanooga, TN 37402",,,yp-logo@2x.png,
Naked River Brewing Co,https://www.yellowpages.com/chattanooga-tn/mip/naked-river-brewing-co-546847823,{'Website': 'http://www.nakedriverbrewing.com'},(423) 541-1131,"['Barbecue Restaurants', 'Bars', 'Bar & Grills']",1791 Reggie White Blvd,"Chattanooga, TN 37402",,,yp-logo@2x.png,
Parkway Pourhouse,https://www.yellowpages.com/chattanooga-tn/mip/parkway-pourhouse-545260527,"{'Website': 'https://www.facebook.com/parkwaypourhouse', 'View Menu': '/chattanooga-tn/mip/parkway-pourhouse-545260527#open-menu'}",(423) 498-5300,"['Barbecue Restaurants', 'American Restaurants', 'Sports Bars']",801 Riverfront Pkwy,"Chattanooga, TN 37402",,,George@parkwaypourhouse.com,https://www.facebook.com/parkwaypourhouse
Beast & Barrel,https://www.yellowpages.com/chattanooga-tn/mip/beast-barrel-497691302,"{'Website': 'https://www.beastandbarrel.com', 'View Menu': '/chattanooga-tn/mip/beast-barrel-497691302#open-menu'}",(423) 805-4599,"['Barbecue Restaurants', 'American Restaurants', 'Caterers']",16 Frazier Ave,"Chattanooga, TN 37405",,,feedback@beastandbarrel.com,
Mike's Smokehouse,https://www.yellowpages.com/chattanooga-tn/mip/mikes-smokehouse-507855726,{'Website': 'http://www.mikessmokehouse.com'},(423) 668-8341,"['Barbecue Restaurants', 'Take Out Restaurants', 'Caterers']",3147 Broad St,"Chattanooga, TN 37408",,,yp-logo@2x.png,
T-Roy's,https://www.yellowpages.com/chattanooga-tn/mip/t-roys-460126272,{'View Menu': '/chattanooga-tn/mip/t-roys-460126272#open-menu'},(423) 629-8908,"['Barbecue Restaurants', 'Bars', 'Bar & Grills']",2300 Glass St,"Chattanooga, TN 37406",,,yp-logo@2x.png,
Logan's Roadhouse,https://www.yellowpages.com/chattanooga-tn/mip/logans-roadhouse-465237453,{'Website': 'http://www.logansroadhouse.com'},(423) 821-2948,"['Barbecue Restaurants', 'American Restaurants', 'Restaurants']",3592 Cummings Hwy,"Chattanooga, TN 37419",,,yp-logo@2x.png,
Cook-Out,https://www.yellowpages.com/chattanooga-tn/mip/cook-out-524051116,{'Website': 'http://www.cookout.com'},(423) 893-0371,"['Barbecue Restaurants', 'Fast Food Restaurants', 'Restaurants']",5001 Brainerd Rd,"Chattanooga, TN 37411",,,yp-logo@2x.png,
Dinner Delivered,https://www.yellowpages.com/chattanooga-tn/mip/dinner-delivered-503028276,{'Website': 'http://www.dinnerdeliveredonline.org'},(423) 634-8899,"['Barbecue Restaurants', 'Chinese Restaurants', 'Japanese Restaurants']",4071 S Access Rd Ste 108,"Chattanooga, TN 37406",,,Hays@DinnerDelivered.com,
Logan's Roadhouse,https://www.yellowpages.com/chattanooga-tn/mip/logans-roadhouse-560193633,{'Website': 'http://locations.logansroadhouse.com/ll/US/TN/Chattanooga/504A-Northgate-Mall'},(423) 875-4443,"['Barbecue Restaurants', 'American Restaurants', 'Restaurants']",504 Northgate Mall,"Chattanooga, TN 37415",,,yp-logo@2x.png,
Mexi Wing IX,https://www.yellowpages.com/chattanooga-tn/mip/mexi-wing-ix-541223470,"{'Website': 'https://mexi-wing.com/locations', 'View Menu': '/chattanooga-tn/mip/mexi-wing-ix-541223470#open-menu'}",(423) 468-3366,"['Barbecue Restaurants', 'American Restaurants', 'Restaurants']",6925 Shallowford Rd,"Chattanooga, TN 37421",,,yp-logo@2x.png,
The Bar,https://www.yellowpages.com/chattanooga-tn/mip/the-bar-26043237,{'Website': 'https://meetatthebar.com'},(423) 867-5377,"['Barbecue Restaurants', 'Bars', 'Taverns']",4904 Rossville Blvd,"Chattanooga, TN 37407",,,,
Heavenly Flavored Wings Express,https://www.yellowpages.com/chattanooga-tn/mip/heavenly-flavored-wings-express-462567084,{},(423) 521-6370,"['Barbecue Restaurants', 'Family Style Restaurants', 'American Restaurants']",4631 Highway 58,"Chattanooga, TN 37416",,,yp-logo@2x.png,
Chatt Smoke House,https://www.yellowpages.com/chattanooga-tn/mip/chatt-smoke-house-22790629,"{'Website': 'http://www.chatt-smokehouse.com', 'View Menu': '/chattanooga-tn/mip/chatt-smoke-house-22790629#open-menu'}",(423) 468-4978,"['Barbecue Restaurants', 'American Restaurants', 'Caterers']",416 E Martin Luther King Blvd,"Chattanooga, TN 37403",,,yp-logo@2x.png,
Sing It Or Wing It,https://www.yellowpages.com/chattanooga-tn/mip/sing-it-or-wing-it-456055475,"{'Website': 'http://www.singitorwingitchattanooga.com', 'View Menu': '/chattanooga-tn/mip/sing-it-or-wing-it-456055475#open-menu'}",(423) 757-9464,"['Barbecue Restaurants', 'American Restaurants', 'Sandwich Shops']",410 Market St,"Chattanooga, TN 37402",four,1,gina@singitorwingit-chattanooga.com,
Saks Wing Shak,https://www.yellowpages.com/chattanooga-tn/mip/saks-wing-shak-471960520,"{'Website': 'http://www.sakswingshak.com', 'View Menu': '/chattanooga-tn/mip/saks-wing-shak-471960520#open-menu'}",(423) 499-9959,"['Barbecue Restaurants', 'American Restaurants', 'Take Out Restaurants']",3911 Brainerd Rd,"Chattanooga, TN 37411",three,2,yp-logo@2x.png,
Heavenly Wings,https://www.yellowpages.com/chattanooga-tn/mip/heavenly-wings-474545117,"{'Website': 'http://www.chattanoogawings.com', 'View Menu': '/chattanooga-tn/mip/heavenly-wings-474545117#open-menu'}",(423) 443-4766,"['Barbecue Restaurants', 'American Restaurants', 'Restaurants']",1263 E 3rd St,"Chattanooga, TN 37404",,,yp-logo@2x.png,
Heavenly Wings,https://www.yellowpages.com/chattanooga-tn/mip/heavenly-wings-10273137,"{'Website': 'http://chattanoogawings.com', 'View Menu': '/chattanooga-tn/mip/heavenly-wings-10273137#open-menu'}",(423) 499-9949,"['Barbecue Restaurants', 'Chicken Restaurants', 'American Restaurants']",5231 Brainerd Rd,"Chattanooga, TN 37411",,,yp-logo@2x.png,
BBQ Shack,https://www.yellowpages.com/fort-oglethorpe-ga/mip/bbq-shack-7803803,"{'Website': 'https://www.facebook.com/BBQ-Shack-913972951980688', 'View Menu': '/fort-oglethorpe-ga/mip/bbq-shack-7803803#open-menu'}",(706) 866-7976,"['Barbecue Restaurants', 'American Restaurants', 'Caterers']",2936 Lafayette Rd,"Fort Oglethorpe, GA 30742",four,1,fortogeorgia@gmail.com,https://www.facebook.com/BBQ-Shack-913972951980688
BBQ City,https://www.yellowpages.com/hixson-tn/mip/bbq-city-476080755,{},(423) 531-1765,"['Barbecue Restaurants', 'Restaurants']",4848 Hixson Pike,"Hixson, TN 37343",five,2,yp-logo@2x.png,
Texas Roadhouse,https://www.yellowpages.com/hixson-tn/mip/texas-roadhouse-545625601,{'Website': 'https://www.texasroadhouse.com/locations/631-hixsontn'},(423) 680-6388,"['Barbecue Restaurants', 'American Restaurants', 'Steak Houses']",5362 Highway 153,"Hixson, TN 37343",,,yp-logo@2x.png,
Buddy's bar-b-q - East Ridge,https://www.yellowpages.com/east-ridge-tn/mip/buddys-bar-b-q-east-ridge-550777838,"{'Website': 'http://www.buddysbbqeastridge.com', 'View Menu': '/east-ridge-tn/mip/buddys-bar-b-q-east-ridge-550777838#open-menu'}",(423) 541-7400,"['Barbecue Restaurants', 'Take Out Restaurants', 'Restaurants']",619 Camp Jordan Pkwy,"East Ridge, TN 37412",,,yp-logo@2x.png,
The Home Plate,https://www.yellowpages.com/east-ridge-tn/mip/the-home-plate-5571929,{'View Menu': '/east-ridge-tn/mip/the-home-plate-5571929#open-menu'},(423) 296-0481,"['Barbecue Restaurants', 'Bars', 'Bar & Grills']",5611 Ringgold Rd Ste 100,"East Ridge, TN 37412",,,yp-logo@2x.png,
Lennys Barbecue Delivery 1 Slab Only 20,https://www.yellowpages.com/rossville-ga/mip/lennys-barbecue-delivery-1-slab-only-20-503845631,{},(423) 208-3431,"['Barbecue Restaurants', 'Restaurants']",602 Villard St,"Rossville, GA 30741",,,yp-logo@2x.png,
BBQ City,https://www.yellowpages.com/fort-oglethorpe-ga/mip/bbq-city-22104073,{},(706) 861-0044,"['Barbecue Restaurants', 'Restaurants']",1549 Battlefield Pkwy,"Fort Oglethorpe, GA 30742",,,yp-logo@2x.png,
Rib & Loin,https://www.yellowpages.com/hixson-tn/mip/rib-loin-1331946,{'Website': 'http://www.ribandloin.com'},(423) 877-7675,"['Barbecue Restaurants', 'Restaurant Menus', 'Caterers']",5435 Highway 153,"Hixson, TN 37343",five,1,billy1@catt.com,
Hog Heaven Barbecue,https://www.yellowpages.com/rossville-ga/mip/hog-heaven-barbecue-8879553,{},(706) 861-1080,['Barbecue Restaurants'],1105 Lafayette Rd,"Rossville, GA 30741",,,yp-logo@2x.png,
Choo Choo Barbeque,https://www.yellowpages.com/hixson-tn/mip/choo-choo-barbeque-4069931,{'Website': 'http://www.choochoobbqeastridge.com'},(423) 843-9554,"['Barbecue Restaurants', 'Take Out Restaurants', 'Caterers']",6410 Hixson Pike,"Hixson, TN 37343",four,1,tbettis@bellsouth.net,
Choo Choo BBQ & Grill,https://www.yellowpages.com/chickamauga-ga/mip/choo-choo-bbq-grill-462237543,{},(706) 375-7675,"['Barbecue Restaurants', 'Caterers', 'Restaurants']",12960 N Highway 27,"Chickamauga, GA 30707",five,1,yp-logo@2x.png,
Spanky & Co Smoke House,https://www.yellowpages.com/harrison-tn/mip/spanky-co-smoke-house-525141248,{},(423) 713-7887,"['Barbecue Restaurants', 'Restaurants']",6306 Highway 58,"Harrison, TN 37341",,,spankysmokehouse49@yahoo.com,
Southern BBQ,https://www.yellowpages.com/hixson-tn/mip/southern-bbq-495832711,{},(423) 710-1774,"['Barbecue Restaurants', 'Take Out Restaurants', 'Caterers']",7711 Hixson Pike,"Hixson, TN 37343",,,jsouthrest@aol.com,
Thatcher's Barbecue & Grill,https://www.yellowpages.com/ringgold-ga/mip/thatchers-barbecue-grill-504538831,"{'Website': 'http://www.thatchersbbq.net', 'View Menu': '/ringgold-ga/mip/thatchers-barbecue-grill-504538831#open-menu'}",(706) 935-6465,"['Barbecue Restaurants', 'Bar & Grills', 'Restaurants']",2929 Highway 41,"Ringgold, GA 30736",,,yp-logo@2x.png,
BBQ Shack,https://www.yellowpages.com/ringgold-ga/mip/bbq-shack-507470730,{},(706) 866-7976,"['Barbecue Restaurants', 'Restaurants']",273 Brownwood Ln,"Ringgold, GA 30736",,,yp-logo@2x.png,
Vittles BBQ & Country Fixins,https://www.yellowpages.com/chickamauga-ga/mip/vittles-bbq-country-fixins-566312982,{'Website': 'https://vittlesbbqonline.com/home'},(706) 924-2753,"['Barbecue Restaurants', 'Restaurants']",505 W 9th St,"Chickamauga, GA 30707",,,yp-logo@2x.png,
Bailey's Bar-B-Que,https://www.yellowpages.com/ringgold-ga/mip/baileys-bar-b-que-9798806,{'Website': 'http://baileysbbq.com/menu'},(706) 935-2969,"['Barbecue Restaurants', 'American Restaurants', 'Caterers']",5540 Highway 41,"Ringgold, GA 30736",,,yp-logo@2x.png,
Dixie BBQ,https://www.yellowpages.com/hixson-tn/mip/dixie-bbq-887157,{'Website': 'http://www.facebook.com/Dixie-BBQ-116145738405750'},(423) 842-4025,"['Barbecue Restaurants', 'American Restaurants', 'Take Out Restaurants']",1530 Boy Scout Rd,"Hixson, TN 37343",,,yp-logo@2x.png,http://www.facebook.com/Dixie-BBQ-116145738405750
Choo Choo Bar-B-Que,https://www.yellowpages.com/ringgold-ga/mip/choo-choo-bar-b-que-4918215,{'Website': 'https://www.facebook.com/ccbbqringgold'},(706) 937-5777,"['Barbecue Restaurants', 'American Restaurants', 'Hamburgers & Hot Dogs']",1670 Old Mill Rd,"Ringgold, GA 30736",,,yp-logo@2x.png,https://www.facebook.com/ccbbqringgold
Couch's Barbecue,https://www.yellowpages.com/ooltewah-tn/mip/couchs-barbecue-13649787,"{'Website': 'http://www.couchsbbq.org', 'View Menu': '/ooltewah-tn/mip/couchs-barbecue-13649787#open-menu'}",(423) 238-4801,"['Barbecue Restaurants', 'American Restaurants', 'Take Out Restaurants']",8307 Old Lee Hwy,"Ooltewah, TN 37363",four half,2,couchsbbq@gmail.com,
Sweeney's BBQ Inc,https://www.yellowpages.com/harrison-tn/mip/sweeneys-bbq-inc-26038673,{'Website': 'http://www.facebook.com/Sweeneysbarbq'},(423) 344-8337,"['Barbecue Restaurants', 'Caterers', 'American Restaurants']",5928 Highway 58,"Harrison, TN 37341",,,yp-logo@2x.png,http://www.facebook.com/Sweeneysbarbq
Hwy 58 BBQ Too,https://www.yellowpages.com/ooltewah-tn/mip/hwy-58-bbq-too-17900071,{'Website': 'https://www.hwy58bbq.net'},(423) 238-2926,"['Barbecue Restaurants', 'Restaurants']",5722 Main St,"Ooltewah, TN 37363",,,yp-logo@2x.png,
Spencer B's BBQ,https://www.yellowpages.com/ringgold-ga/mip/spencer-bs-bbq-5357456,"{'Website': 'http://www.facebook.com/welikepigbutts', 'View Menu': '/ringgold-ga/mip/spencer-bs-bbq-5357456#open-menu'}",(706) 935-7675,"['Barbecue Restaurants', 'Caterers', 'American Restaurants']",6581 Highway 41,"Ringgold, GA 30736",five,4,bbgtycoon@aol.com,http://www.facebook.com/welikepigbutts
BBQ Andy's,https://www.yellowpages.com/soddy-daisy-tn/mip/bbq-andys-467162540,{},(423) 332-2011,"['Barbecue Restaurants', 'Restaurants']",106 Karen Dr,"Soddy Daisy, TN 37379",five,3,yp-logo@2x.png,
Thatcher's Barbecue & Grill,https://www.yellowpages.com/trenton-ga/mip/thatchers-barbecue-grill-456465519,{'Website': 'http://thatchersbbq.net/index.html'},(706) 657-6465,"['Barbecue Restaurants', 'Caterers', 'Restaurants']",35 Price St,"Trenton, GA 30752",five,2,yp-logo@2x.png,
Off The Farm Barbque,https://www.yellowpages.com/soddy-daisy-tn/mip/off-the-farm-barbque-562492338,{},(423) 332-1927,"['Barbecue Restaurants', 'Restaurants']",106 Karen Dr,"Soddy Daisy, TN 37379",,,yp-logo@2x.png,
Shane's Rib Shack,https://www.yellowpages.com/ooltewah-tn/mip/shanes-rib-shack-530479006,{'Website': 'http://www.shanesribshack.com'},(423) 591-7427,"['Barbecue Restaurants', 'Restaurants', 'Take Out Restaurants']",9448 Bradmore Ln Ste 108,"Ooltewah, TN 37363",,,yp-logo@2x.png,
Ramsey's BBQ,https://www.yellowpages.com/whitwell-tn/mip/ramseys-bbq-536905770,{'Website': 'https://www.facebook.com/RamseysBBQ'},(423) 939-0433,"['Barbecue Restaurants', 'Restaurants']",7096 Highway 28,"Whitwell, TN 37397",,,yp-logo@2x.png,https://www.facebook.com/RamseysBBQ
Jerome's Fine Swine & BBQ,https://www.yellowpages.com/whitwell-tn/mip/jeromes-fine-swine-bbq-541302925,{'Website': 'https://www.facebook.com/JeromesFineSwine'},(423) 658-8550,"['Barbecue Restaurants', 'Restaurants']",13212 Highway 28,"Whitwell, TN 37397",,,yp-logo@2x.png,https://www.facebook.com/JeromesFineSwine
All Smoked Up BBQ,https://www.yellowpages.com/rock-spring-ga/mip/all-smoked-up-bbq-472626647,{},(706) 375-2500,"['Barbecue Restaurants', 'Restaurants']",8009 N Highway 27,"Rock Spring, GA 30739",,,yp-logo@2x.png,
Couch Barbecue,https://www.yellowpages.com/ooltewah-tn/mip/couch-barbecue-17207007,{'Website': 'http://couchsbbq.org'},(423) 238-4344,"['Barbecue Restaurants', 'Restaurants']",6801 Snow Hill Rd,"Ooltewah, TN 37363",,,yp-logo@2x.png,
Logan's Roadhouse,https://www.yellowpages.com/hixson-tn/mip/logans-roadhouse-467673932,{'Website': 'http://www.logansroadhouse.com'},(423) 875-4443,"['Barbecue Restaurants', 'American Restaurants', 'Restaurants']",5250 Highway 153,"Hixson, TN 37343",,,investorrelations@logansroadhouse.com,
Logan's Roadhouse,https://www.yellowpages.com/hixson-tn/mip/logans-roadhouse-569291778,{'Website': 'http://www.logansroadhouse.com'},(423) 875-4443,"['Barbecue Restaurants', 'American Restaurants', 'Restaurants']",5256 Highway 153,"Hixson, TN 37343",,,yp-logo@2x.png,
Cook-Out,https://www.yellowpages.com/hixson-tn/mip/cook-out-510820553,{'Website': 'http://www.cookout.com'},(866) 547-0011,"['Barbecue Restaurants', 'Fast Food Restaurants', 'American Restaurants']",5390 Highway 153,"Hixson, TN 37343",,,yp-logo@2x.png,
Heavenly Wings,https://www.yellowpages.com/hixson-tn/mip/heavenly-wings-469666741,{'Website': 'http://www.yelp.com/biz/heavenly-flavored-wings-chattanooga'},(423) 499-9949,"['Barbecue Restaurants', 'Chicken Restaurants', 'American Restaurants']",5425 Highway 153,"Hixson, TN 37343",,,prabinpatel@tklv.com,
Cook-Out,https://www.yellowpages.com/fort-oglethorpe-ga/mip/cook-out-533296731,{'Website': 'http://www.cookout.com'},(866) 547-0011,"['Barbecue Restaurants', 'Fast Food Restaurants', 'Restaurants']",920 Battlefield Pkwy,"Fort Oglethorpe, GA 30742",,,yp-logo@2x.png,
Logan's Roadhouse,https://www.yellowpages.com/fort-oglethorpe-ga/mip/logans-roadhouse-1951040,"{'Website': 'http://www.logansroadhouse.com', 'View Menu': '/fort-oglethorpe-ga/mip/logans-roadhouse-1951040#open-menu'}",(706) 858-8482,"['Barbecue Restaurants', 'American Restaurants', 'Restaurants']",2584 Battlefield Pkwy,"Fort Oglethorpe, GA 30742",three,4,yp-logo@2x.png,
Ronnies,https://www.yellowpages.com/jasper-tn/mip/ronnies-451131769,{},(423) 942-6225,"['Barbecue Restaurants', 'Bars', 'Bar & Grills']",6400 Highway 41,"Jasper, TN 37347",,,yp-logo@2x.png,
